iter	MultiClass
0	1.209225646
1	1.068413258
2	0.9298762839
3	0.8319533519
4	0.7255234304
5	0.6355360799
6	0.5611896755
7	0.5024974235
8	0.4512649067
9	0.410452818
